{
    "topleft": [
        318.60443115234375,
        251.16219520568848
    ],
    "top center": [
        314.21417236328125,
        251.71669006347656
    ],
    "topright": [
        322.8280258178711,
        251.55263900756836
    ],
    "midleft": [
        330.4242706298828,
        252.1501922607422
    ],
    "midcenter": [
        318.6871337890625,
        255.45650482177734
    ],
    "midright": [
        324.4570541381836,
        256.62975311279297
    ],
    "bottomleft": [
        330.81066131591797,
        256.3469123840332
    ],
    "bottomcenter": [
        320.0906753540039,
        258.83222579956055
    ],
    "bottomright": [
        332.7427673339844,
        258.54869842529297
    ]
}