{
    "topleft": [
        283.91700744628906,
        168.02035331726074
    ],
    "topcenter": [
        292.11509704589844,
        169.24120903015137
    ],
    "topright": [
        300.34082412719727,
        169.17670726776123
    ],
    "midleft": [
        289.12288665771484,
        171.62229537963867
    ],
    "midcenter": [
        292.68815994262695,
        171.05639934539795
    ],
    "midright": [
        297.58785247802734,
        172.1345043182373
    ],
    "bottomleft": [
        291.0908508300781,
        173.52637767791748
    ],
    "bottomcenter": [
        292.87357330322266,
        174.681658744812
    ],
    "bottomright": [
        300.20782470703125,
        175.3734827041626
    ]
}