{"topleft": [273.8173294067383, 191.30839347839355], "topcenter": [309.01805877685547, 193.80433559417725], "topright": [331.2636947631836, 197.13745594024658], "midleft": [297.96714782714844, 198.36682319641113], "midcenter": [317.0819091796875, 201.13876819610596], "midright": [332.3219680786133, 203.4404754638672], "bottomleft": [303.80571365356445, 203.75996589660645], "bottomcenter": [318.5535430908203, 204.2523193359375], "bottomright": [339.21512603759766, 207.41512298583984]}