{"topleft": [306.08625411987305, 213.8514804840088], "topcenter": [319.8485565185547, 213.55632305145264], "topright": [329.97589111328125, 215.2201795578003], "midleft": [311.69384002685547, 218.82958889007568], "midcenter": [321.78497314453125, 220.04605293273926], "midright": [330.1505661010742, 222.78247833251953], "bottomleft": [317.26993560791016, 224.46128368377686], "bottomcenter": [325.2524185180664, 227.33984470367432], "bottomright": [330.54004669189453, 229.4300079345703]}